<?xml version="1.0" encoding="UTF-8" ?><s:Envelope s:encodingStyle="http://schemas.xmlsoap.org/soap/encoding/" xmlns:s="http://schemas.xmlsoap.org/soap/envelope/" xmlns:u="urn:schemas-upnp-org:service:AVTransport:1">
    <s:Body>
        <u:SetAVTransportURI xmlns:u="urn:schemas-upnp-org:service:AVTransport:1">
            <InstanceID>0</InstanceID>
            <CurrentURI>http://222.73.132.145/vkphls.tc.qq.com/mp4/8/yZ_j6ME6N3hgRF2xg_m13zCxeLHcQzm9bVK0v_J-08OdcAVc0rmGCA/q4WgUBCu27O21hhzjGXkPCaHr1EkTFuUGbXKrNbjMACA-wleQI3oi3woUdjgP-BtBxW34UkmIxlQ_TkPGeqTLwghaijDM7oFlQwmCbieZPLUh33Q7f8eag/i0021mzabfm.p209.mp4/i0021mzabfm.p209.mp4.av.m3u8?fn=p209&amp;bw=8000&amp;st=0&amp;et=0&amp;iv=&amp;ivfn=&amp;ivfc=&amp;ivt=&amp;ivs=&amp;ivd=&amp;ivl=&amp;ftype=mp4&amp;fbw=93&amp;type=m3u8&amp;drm=0&amp;sdtfrom=v3000&amp;platform=10403&amp;appver=5.1.1.14483&amp;projection=dlna</CurrentURI>
            <CurrentURIMetaData>&lt;DIDL-Lite xmlns=&quot;urn:schemas-upnp-org:metadata-1-0/DIDL-Lite/&quot; xmlns:upnp=&quot;urn:schemas-upnp-org:metadata-1-0/upnp/&quot; xmlns:dc=&quot;http://purl.org/dc/elements/1.1/&quot; xmlns:sec=&quot;http://www.sec.co.kr/&quot;&gt;&lt;item id=&quot;0&quot; parentID=&quot;0&quot; restricted=&quot;0&quot;&gt;&lt;res protocolInfo=&quot;http-get:*:video/mp4:DLNA.ORG_PN=MP3;DLNA.ORG_OP=01;DLNA.ORG_FLAGS=01500000000000000000000000000000&quot;&gt;http://222.73.132.145/vkphls.tc.qq.com/mp4/8/yZ_j6ME6N3hgRF2xg_m13zCxeLHcQzm9bVK0v_J-08OdcAVc0rmGCA/q4WgUBCu27O21hhzjGXkPCaHr1EkTFuUGbXKrNbjMACA-wleQI3oi3woUdjgP-BtBxW34UkmIxlQ_TkPGeqTLwghaijDM7oFlQwmCbieZPLUh33Q7f8eag/i0021mzabfm.p209.mp4/i0021mzabfm.p209.mp4.av.m3u8?fn=p209&amp;amp;bw=8000&amp;amp;st=0&amp;amp;et=0&amp;amp;iv=&amp;amp;ivfn=&amp;amp;ivfc=&amp;amp;ivt=&amp;amp;ivs=&amp;amp;ivd=&amp;amp;ivl=&amp;amp;ftype=mp4&amp;amp;fbw=93&amp;amp;type=m3u8&amp;amp;drm=0&amp;amp;sdtfrom=v3000&amp;amp;platform=10403&amp;amp;appver=5.1.1.14483&amp;amp;projection=dlna&lt;/res&gt;&lt;upnp:albumArtURI&gt;&lt;/upnp:albumArtURI&gt;&lt;upnp:class&gt;object.item.videoItem&lt;/upnp:class&gt;&lt;/item&gt;&lt;/DIDL-Lite&gt;</CurrentURIMetaData>
        </u:SetAVTransportURI>
    </s:Body>
</s:Envelope>
